hochschulname;typ;trager;bundesland;studis;precht;hrecht
Fachhochschule Aachen;Fachhochschulen / HAW;offentlich-rechtlich;Nordrhein-Westfalen;14086;Nein;Nein
Rheinisch-Westfalische Technische Hochschule Aachen;Universitaten;offentlich-rechtlich;Nordrhein-Westfalen;45527;Ja;Ja
Hochschule Aalen - Technik und Wirtschaft;Fachhochschulen / HAW;offentlich-rechtlich;Baden-Wurttemberg;4559;Nein;Nein
Hochschule Albstadt-Sigmaringen;Fachhochschulen / HAW;offentlich-rechtlich;Baden-Wurttemberg;2666;Nein;Nein
Alanus Hochschule fur Kunst und Gesellschaft;Kunstlerische Hochschulen;privat, staatlich anerkannt;Nordrhein-Westfalen;1564;Ja;Nein
Ostbayerische Technische Hochschule Amberg-Weiden;Fachhochschulen / HAW;offentlich-rechtlich;Bayern;4077;Ja;Nein
Hochschule Anhalt - Anhalt University of Applied Sciences;Fachhochschulen / HAW;offentlich-rechtlich;Sachsen-Anhalt;7067;Ja;Nein
Hochschule fur angewandte Wissenschaften Ansbach;Fachhochschulen / HAW;offentlich-rechtlich;Bayern;3898;Ja;Nein
Technische Hochschule Aschaffenburg;Fachhochschulen / HAW;offentlich-rechtlich;Bayern;3559;Nein;Nein
Technische Hochschule Augsburg;Fachhochschulen / HAW;offentlich-rechtlich;Bayern;7025;Nein;Nein
Universitat Augsburg;Universitaten;offentlich-rechtlich;Bayern;19089;Ja;Ja
EHIP - Europaische Hochschule fur Innovation und Perspektive;Fachhochschulen / HAW;privat, staatlich anerkannt;Baden-Wurttemberg;;Nein;Nein
Hochschule fur Polizei Baden-Wurttemberg;Verwaltungshochschule;offentlich-rechtlich;Baden-Wurttemberg;2337;Nein;Nein
Hochschule fur Rechtspflege Schwetzingen;Verwaltungshochschule;offentlich-rechtlich;Baden-Wurttemberg;716;Nein;Nein
Hochschule fur offentliche Verwaltung und Finanzen Ludwigsburg;Verwaltungshochschule;offentlich-rechtlich;Baden-Wurttemberg;2792;Nein;Nein
Hochschule fur offentliche Verwaltung Kehl;Verwaltungshochschule;offentlich-rechtlich;Baden-Wurttemberg;1421;Nein;Nein
accadis Hochschule Bad Homburg;Fachhochschulen / HAW;privat, staatlich anerkannt;Hessen;448;Nein;Nein
Internationale Hochschule Liebenzell (IHL);Fachhochschulen / HAW;privat, staatlich anerkannt;Baden-Wurttemberg;305;Nein;Nein
Otto-Friedrich-Universitat Bamberg;Universitaten;offentlich-rechtlich;Bayern;10734;Ja;Ja
Hochschule fur den offentlichen Dienst in Bayern;Verwaltungshochschule;offentlich-rechtlich;Bayern;4907;Nein;Nein
Hochschule fur evangelische Kirchenmusik der Evangelisch-Lutherischen Kirche in Bayern;Kunstlerische Hochschulen;kirchlich, staatlich anerkannt;Bayern;26;Nein;Nein
Universitat Bayreuth;Universitaten;offentlich-rechtlich;Bayern;11924;Ja;Ja
Akkon-Hochschule;Fachhochschulen / HAW;privat, staatlich anerkannt;Berlin;1406;Nein;Nein
Alice Salomon Hochschule Berlin;Fachhochschulen / HAW;offentlich-rechtlich;Berlin;4299;Nein;Nein
bbw Hochschule;Fachhochschulen / HAW;privat, staatlich anerkannt;Berlin;822;Nein;Nein
Bard College Berlin, A Liberal Arts University;Universitaten;privat, staatlich anerkannt;Berlin;312;Nein;Nein
Berliner Hochschule fur Technik;Fachhochschulen / HAW;offentlich-rechtlich;Berlin;12296;Nein;Nein
Berlin International University of Applied Sciences;Fachhochschulen / HAW;privat, staatlich anerkannt;Berlin;530;Nein;Nein
Barenboim-Said Akademie;Kunstlerische Hochschulen;privat, staatlich anerkannt;Berlin;77;Nein;Nein
BSP Business and Law School - Hochschule fur Management und Recht;Fachhochschulen / HAW;privat, staatlich anerkannt;Berlin;1750;Nein;Nein
CODE University of Applied Sciences;Fachhochschulen / HAW;privat, staatlich anerkannt;Berlin;610;Nein;Nein
Digital Business University of Applied Sciences;Fachhochschulen / HAW;privat, staatlich anerkannt;Berlin;282;Nein;Nein
DHGS Deutsche Hochschule fur Gesundheit und Sport;Fachhochschulen / HAW;privat, staatlich anerkannt;Berlin;1865;Nein;Nein
ESCP Europe Wirtschaftshochschule Berlin e.V.;Universitaten;privat, staatlich anerkannt;Berlin;1254;Ja;Nein
ESMT European School of Management and Technology;Universitaten;privat, staatlich anerkannt;Berlin;820;Ja;Nein
Evangelische Hochschule Berlin;Fachhochschulen / HAW;kirchlich, staatlich anerkannt;Berlin;1696;Nein;Nein
Touro College Berlin;Fachhochschulen / HAW;privat, staatlich anerkannt;Berlin;129;Nein;Nein
Freie Universitat Berlin;Universitaten;offentlich-rechtlich;Berlin;42090;Ja;Ja
Hertie School;Universitaten;privat, staatlich anerkannt;Berlin;716;Ja;Nein
Hochschule fur Musik Hanns Eisler Berlin;Kunstlerische Hochschulen;offentlich-rechtlich;Berlin;556;Nein;Nein
Hochschule fur Schauspielkunst Ernst Busch;Kunstlerische Hochschulen;offentlich-rechtlich;Berlin;222;Nein;Nein
HMKW Hochschule fur Medien, Kommunikation und Wirtschaft;Fachhochschulen / HAW;privat, staatlich anerkannt;Berlin;2038;Nein;Nein
Hochschule fur Soziale Arbeit und Padagogik (HSAP) gemeinnutzige Betriebsgesellschaft mbH;Fachhochschulen / HAW;privat, staatlich anerkannt;Berlin;561;Nein;Nein
Hochschule fur Technik und Wirtschaft Berlin;Fachhochschulen / HAW;offentlich-rechtlich;Berlin;14523;Nein;Nein
Humboldt-Universitat zu Berlin;Universitaten;offentlich-rechtlich;Berlin;40144;Ja;Ja
Hochschule fur Wirtschaft und Recht Berlin;Fachhochschulen / HAW;offentlich-rechtlich;Berlin;11454;Nein;Nein
IB Hochschule fur Gesundheit und Soziales;Fachhochschulen / HAW;privat, staatlich anerkannt;Berlin;512;Nein;Nein
International Psychoanalytic University Berlin;Universitaten;privat, staatlich anerkannt;Berlin;872;Nein;Nein
Katholische Hochschule fur Sozialwesen Berlin (KHSB) - Staatlich anerkannte Fachhochschule fur Sozialwesen;Fachhochschulen / HAW;kirchlich, staatlich anerkannt;Berlin;1219;Nein;Nein
Mediadesign Hochschule fur Design und Informatik;Fachhochschulen / HAW;privat, staatlich anerkannt;Berlin;751;Nein;Nein
Medical School Berlin - Hochschule fur Gesundheit und Medizin (MSB);Fachhochschulen / HAW;privat, staatlich anerkannt;Berlin;2840;Nein;Nein
Psychologische Hochschule Berlin (PHB);Universitaten;privat, staatlich anerkannt;Berlin;731;Nein;Nein
Quadriga Hochschule Berlin;Fachhochschulen / HAW;privat, staatlich anerkannt;Berlin;112;Nein;Nein
SRH Berlin University of Applied Sciences;Fachhochschulen / HAW;privat, staatlich anerkannt;Berlin;2868;Nein;Nein
Technische Universitat Berlin;Universitaten;offentlich-rechtlich;Berlin;35101;Ja;Ja
Universitat der Kunste Berlin;Kunstlerische Hochschulen;offentlich-rechtlich;Berlin;4191;Ja;Ja
VICTORIA | Internationale Hochschule;Fachhochschulen / HAW;privat, staatlich anerkannt;Berlin;586;Nein;Nein
weißensee kunsthochschule berlin;Kunstlerische Hochschulen;offentlich-rechtlich;Berlin;823;Nein;Nein
Hochschule Biberach - Architektur und Bauwesen, Betriebswirtschaft und Biotechnologie;Fachhochschulen / HAW;offentlich-rechtlich;Baden-Wurttemberg;2270;Nein;Nein
Fachhochschule der Diakonie - Diaconia - University of Applied Sciences;Fachhochschulen / HAW;kirchlich, staatlich anerkannt;Nordrhein-Westfalen;754;Nein;Nein
Fachhochschule des Mittelstands (FHM);Fachhochschulen / HAW;privat, staatlich anerkannt;Nordrhein-Westfalen;5550;Nein;Nein
Hochschule Bielefeld - University of Applied Sciences and Arts (HSBI);Fachhochschulen / HAW;offentlich-rechtlich;Nordrhein-Westfalen;10538;Nein;Nein
Universitat Bielefeld;Universitaten;offentlich-rechtlich;Nordrhein-Westfalen;23539;Ja;Ja
Technische Hochschule Bingen;Fachhochschulen / HAW;offentlich-rechtlich;Rheinland-Pfalz;2433;Nein;Nein
EBZ Business School - University of Applied Sciences;Fachhochschulen / HAW;privat, staatlich anerkannt;Nordrhein-Westfalen;1114;Nein;Nein
Hochschule Bochum - University of Applied Sciences;Fachhochschulen / HAW;offentlich-rechtlich;Nordrhein-Westfalen;7695;Nein;Nein
Hochschule fur Gesundheit - University of Applied Sciences;Fachhochschulen / HAW;offentlich-rechtlich;Nordrhein-Westfalen;1808;Nein;Nein
Evangelische Hochschule Rheinland-Westfalen-Lippe;Fachhochschulen / HAW;kirchlich, staatlich anerkannt;Nordrhein-Westfalen;2558;Nein;Nein
Technische Hochschule Georg Agricola;Fachhochschulen / HAW;privat, staatlich anerkannt;Nordrhein-Westfalen;2316;Nein;Nein
Ruhr-Universitat Bochum;Universitaten;offentlich-rechtlich;Nordrhein-Westfalen;38939;Ja;Ja
Hochschule fur Finanzwirtschaft & Management;Fachhochschulen / HAW;privat, staatlich anerkannt;Nordrhein-Westfalen;710;Nein;Nein
Hochschule Bonn-Rhein-Sieg, University of Applied Sciences;Fachhochschulen / HAW;offentlich-rechtlich;Nordrhein-Westfalen;9070;Nein;Nein
Rheinische Friedrich-Wilhelms-Universitat Bonn;Universitaten;offentlich-rechtlich;Nordrhein-Westfalen;34630;Ja;Ja
Fachhochschule fur Finanzen Brandenburg;Verwaltungshochschule;offentlich-rechtlich;Brandenburg;978;Nein;Nein
Fachhochschule der Polizei Brandenburg;Verwaltungshochschule;offentlich-rechtlich;Brandenburg;763;Nein;Nein
Technische Hochschule Brandenburg;Fachhochschulen / HAW;offentlich-rechtlich;Brandenburg;2217;Nein;Nein
Hochschule fur Bildende Kunste Braunschweig;Kunstlerische Hochschulen;offentlich-rechtlich;Niedersachsen;931;Ja;Ja
Technische Universitat Carolo-Wilhelmina zu Braunschweig;Universitaten;offentlich-rechtlich;Niedersachsen;16155;Ja;Ja
Constructor University;Universitaten;privat, staatlich anerkannt;Bremen;1483;Ja;Nein
APOLLON Hochschule der Gesundheitswirtschaft;Fachhochschulen / HAW;privat, staatlich anerkannt;Bremen;3365;Nein;Nein
Hochschule Bremen;Fachhochschulen / HAW;offentlich-rechtlich;Bremen;8672;Nein;Nein
Hochschule fur Kunste Bremen;Kunstlerische Hochschulen;offentlich-rechtlich;Bremen;1011;Nein;Nein
Universitat Bremen;Universitaten;offentlich-rechtlich;Bremen;18335;Ja;Ja
Hochschule fur offentliche Verwaltung Bremen;Verwaltungshochschule;offentlich-rechtlich;Bremen;648;Nein;Nein
Hochschule Bremerhaven;Fachhochschulen / HAW;offentlich-rechtlich;Bremen;2816;Nein;Nein
Europaische Fachhochschule Rhein/Erft, european university of applied sciences;Fachhochschulen / HAW;privat, staatlich anerkannt;Nordrhein-Westfalen;2180;Nein;Nein
Hochschule des Bundes fur offentliche Verwaltung;Verwaltungshochschule;offentlich-rechtlich;Nordrhein-Westfalen;9195;Nein;Nein
hochschule 21;Fachhochschulen / HAW;privat, staatlich anerkannt;Niedersachsen;1067;Nein;Nein
Technische Universitat Chemnitz;Universitaten;offentlich-rechtlich;Sachsen;8380;Ja;Ja
Technische Universitat Clausthal;Universitaten;offentlich-rechtlich;Niedersachsen;2753;Ja;Ja
Hochschule fur angewandte Wissenschaften Coburg;Fachhochschulen / HAW;offentlich-rechtlich;Bayern;4700;Nein;Nein
Brandenburgische Technische Universitat Cottbus-Senftenberg;Universitaten;offentlich-rechtlich;Brandenburg;6587;Ja;Ja
Evangelische Hochschule Darmstadt (staatlich anerkannt) – Kirchliche Korperschaft des offentlichen Rechts;Fachhochschulen / HAW;kirchlich, staatlich anerkannt;Hessen;1333;Nein;Nein
Wilhelm Buchner Hochschule - Private Fernhochschule Darmstadt;Fachhochschulen / HAW;privat, staatlich anerkannt;Hessen;4915;Nein;Nein
Hochschule Darmstadt;Fachhochschulen / HAW;offentlich-rechtlich;Hessen;15474;Ja;Nein
Technische Universitat Darmstadt;Universitaten;offentlich-rechtlich;Hessen;24008;Ja;Ja
Technische Hochschule Deggendorf;Fachhochschulen / HAW;offentlich-rechtlich;Bayern;8660;Nein;Nein
Hochschule fur Musik Detmold;Kunstlerische Hochschulen;offentlich-rechtlich;Nordrhein-Westfalen;637;Ja;Nein
Fachhochschule Dortmund;Fachhochschulen / HAW;offentlich-rechtlich;Nordrhein-Westfalen;14371;Nein;Nein
International School of Management;Fachhochschulen / HAW;privat, staatlich anerkannt;Nordrhein-Westfalen;3444;Nein;Nein
Technische Universitat Dortmund;Universitaten;offentlich-rechtlich;Nordrhein-Westfalen;30013;Ja;Ja
DIU - Dresden International University GmbH;Universitaten;privat, staatlich anerkannt;Sachsen;1283;Nein;Nein
Evangelische Hochschule Dresden;Fachhochschulen / HAW;kirchlich, staatlich anerkannt;Sachsen;839;Nein;Nein
Hochschule fur Bildende Kunste Dresden;Kunstlerische Hochschulen;offentlich-rechtlich;Sachsen;555;Ja;Nein
Hochschule fur Kirchenmusik der Evangelisch-Lutherischen Landeskirche Sachsens;Kunstlerische Hochschulen;kirchlich, staatlich anerkannt;Sachsen;24;Nein;Nein
Hochschule fur Musik Carl Maria von Weber Dresden;Kunstlerische Hochschulen;offentlich-rechtlich;Sachsen;692;Ja;Nein
Palucca Hochschule fur Tanz Dresden;Kunstlerische Hochschulen;offentlich-rechtlich;Sachsen;168;Nein;Nein
Hochschule fur Technik und Wirtschaft Dresden  - University of Applied Sciences;Fachhochschulen / HAW;offentlich-rechtlich;Sachsen;4634;Nein;Nein
Fachhochschule Dresden;Fachhochschulen / HAW;privat, staatlich anerkannt;Sachsen;539;Nein;Nein
Technische Universitat Dresden;Universitaten;offentlich-rechtlich;Sachsen;28959;Ja;Ja
Universitat Duisburg-Essen;Universitaten;offentlich-rechtlich;Nordrhein-Westfalen;38001;Ja;Ja
Fliedner Fachhochschule Dusseldorf;Fachhochschulen / HAW;privat, staatlich anerkannt;Nordrhein-Westfalen;2204;Nein;Nein
Hochschule Dusseldorf;Fachhochschulen / HAW;offentlich-rechtlich;Nordrhein-Westfalen;11172;Nein;Nein
Robert-Schumann-Hochschule Dusseldorf;Kunstlerische Hochschulen;offentlich-rechtlich;Nordrhein-Westfalen;837;Ja;Nein
IST-Hochschule fur Management;Fachhochschulen / HAW;privat, staatlich anerkannt;Nordrhein-Westfalen;4278;Nein;Nein
Kunstakademie Dusseldorf;Kunstlerische Hochschulen;offentlich-rechtlich;Nordrhein-Westfalen;546;Ja;Nein
Heinrich-Heine-Universitat Dusseldorf;Universitaten;offentlich-rechtlich;Nordrhein-Westfalen;29218;Ja;Ja
Hochschule fur Gesundheitsfachberufe Eberswalde;Fachhochschulen / HAW;privat, staatlich anerkannt;Brandenburg;;Nein;Nein
Hochschule fur nachhaltige Entwicklung Eberswalde;Fachhochschulen / HAW;offentlich-rechtlich;Brandenburg;2297;Nein;Nein
Katholische Universitat Eichstatt - Ingolstadt;Universitaten;kirchlich, staatlich anerkannt;Bayern;4800;Ja;Ja
NORDAKADEMIE Hochschule der Wirtschaft;Fachhochschulen / HAW;privat, staatlich anerkannt;Schleswig-Holstein;2481;Nein;Nein
Theologische Hochschule Elstal;Fachhochschulen / HAW;kirchlich, staatlich anerkannt;Brandenburg;39;Nein;Nein
Hochschule Emden/Leer;Fachhochschulen / HAW;offentlich-rechtlich;Niedersachsen;4264;Nein;Nein
Fachhochschule Erfurt;Fachhochschulen / HAW;offentlich-rechtlich;Thuringen;4063;Nein;Nein
HMU Health and Medical University;Hochschulen eigenen Typs;privat, staatlich anerkannt;Thuringen;1433;Nein;Nein
IU Internationale Hochschule;Fachhochschulen / HAW;privat, staatlich anerkannt;Thuringen;116027;Nein;Nein
Universitat Erfurt;Universitaten;offentlich-rechtlich;Thuringen;5795;Ja;Ja
Friedrich-Alexander-Universitat Erlangen-Nurnberg;Universitaten;offentlich-rechtlich;Bayern;38960;Ja;Ja
FOM Hochschule fur Oekonomie & Management - University of Applied Sciences;Fachhochschulen / HAW;privat, staatlich anerkannt;Nordrhein-Westfalen;47191;Nein;Nein
Hochschule der bildenden Kunste (HBK) Essen;Kunstlerische Hochschulen;privat, staatlich anerkannt;Nordrhein-Westfalen;322;Nein;Nein
Folkwang Universitat der Kunste;Kunstlerische Hochschulen;offentlich-rechtlich;Nordrhein-Westfalen;1625;Ja;Ja
Hochschule Esslingen;Fachhochschulen / HAW;offentlich-rechtlich;Baden-Wurttemberg;6594;Nein;Nein
Theologisches Hochschule Ewersbach;Fachhochschulen / HAW;kirchlich, staatlich anerkannt;Hessen;47;Nein;Nein
Hochschule Flensburg;Fachhochschulen / HAW;offentlich-rechtlich;Schleswig-Holstein;3355;Nein;Nein
Europa-Universitat Flensburg;Universitaten;offentlich-rechtlich;Schleswig-Holstein;5998;Ja;Ja
Frankfurt University of Applied Sciences;Fachhochschulen / HAW;offentlich-rechtlich;Hessen;15297;Ja;Nein
Provadis School of International Management and Technology;Fachhochschulen / HAW;privat, staatlich anerkannt;Hessen;870;Nein;Nein
Frankfurt School of Finance & Management;Universitaten;privat, staatlich anerkannt;Hessen;4381;Ja;Nein
Hochschule fur Bildende Kunste (Stadelschule);Kunstlerische Hochschulen;offentlich-rechtlich;Hessen;140;Nein;Nein
Hochschule fur Musik und Darstellende Kunst Frankfurt am Main;Kunstlerische Hochschulen;offentlich-rechtlich;Hessen;971;Ja;Nein
Philosophisch-Theologische Hochschule Sankt Georgen Frankfurt am Main;Universitaten;kirchlich, staatlich anerkannt;Hessen;221;Ja;Ja
Tomorrow University of Applied Sciences;Fachhochschulen / HAW;privat, staatlich anerkannt;Hessen;;Nein;Nein
Johann Wolfgang Goethe-Universitat, Frankfurt am Main;Universitaten;offentlich-rechtlich;Hessen;41107;Ja;Ja
University of Labour;Fachhochschulen / HAW;privat, staatlich anerkannt;Hessen;17;Nein;Nein
Europa-Universitat Viadrina Frankfurt (Oder);Universitaten;offentlich-rechtlich;Brandenburg;4230;Ja;Ja
Technische Universitat Bergakademie Freiberg;Universitaten;offentlich-rechtlich;Sachsen;4199;Ja;Ja
Evangelische Hochschule Freiburg, staatlich anerkannte Hochschule der Evangelischen Landeskirche in Baden;Fachhochschulen / HAW;kirchlich, staatlich anerkannt;Baden-Wurttemberg;898;Nein;Nein
Hochschule fur Musik Freiburg im Breisgau;Kunstlerische Hochschulen;offentlich-rechtlich;Baden-Wurttemberg;627;Ja;Ja
Katholische Hochschule Freiburg, staatlich anerkannte Hochschule - Catholic University of Applied Sciences;Fachhochschulen / HAW;kirchlich, staatlich anerkannt;Baden-Wurttemberg;1886;Nein;Nein
Padagogische Hochschule Freiburg;Universitaten;offentlich-rechtlich;Baden-Wurttemberg;5013;Ja;Ja
Albert-Ludwigs-Universitat Freiburg im Breisgau;Universitaten;offentlich-rechtlich;Baden-Wurttemberg;24197;Ja;Ja
Theologische Hochschule Friedensau;Universitaten;kirchlich, staatlich anerkannt;Sachsen-Anhalt;224;Nein;Nein
Zeppelin Universitat - Hochschule zwischen Wirtschaft, Kultur und Politik;Universitaten;privat, staatlich anerkannt;Baden-Wurttemberg;667;Ja;Ja
Hochschule Fulda - University of Applied Sciences;Fachhochschulen / HAW;offentlich-rechtlich;Hessen;8963;Ja;Nein
Theologische Fakultat Fulda;Universitaten;kirchlich, staatlich anerkannt;Hessen;13;Ja;Ja
SRH Wilhelm Lohe Hochschule;Fachhochschulen / HAW;privat, staatlich anerkannt;Bayern;417;Nein;Nein
Hochschule Furtwangen - Informatik, Technik, Wirtschaft, Medien, Gesundheit;Fachhochschulen / HAW;offentlich-rechtlich;Baden-Wurttemberg;4833;Nein;Nein
Hochschule Geisenheim;Hochschulen eigenen Typs;offentlich-rechtlich;Hessen;1723;Ja;Nein
Duale Hochschule Gera-Eisenach;Hochschulen eigenen Typs;offentlich-rechtlich;Thuringen;1395;Nein;Nein
SRH Hochschule fur Gesundheit;Fachhochschulen / HAW;privat, staatlich anerkannt;Thuringen;1434;Nein;Nein
Freie Theologische Hochschule Gießen;Fachhochschulen / HAW;privat, staatlich anerkannt;Hessen;191;Nein;Nein
Justus-Liebig-Universitat Gießen;Universitaten;offentlich-rechtlich;Hessen;25461;Ja;Ja
PFH - Private Hochschule Gottingen;Fachhochschulen / HAW;privat, staatlich anerkannt;Niedersachsen;4775;Nein;Nein
Georg-August-Universitat Gottingen;Universitaten;offentlich-rechtlich;Niedersachsen;27562;Ja;Ja
Universitat Greifswald;Universitaten;offentlich-rechtlich;Mecklenburg-Vorpommern;10296;Ja;Ja
Hochschule der Deutschen Bundesbank;Verwaltungshochschule;offentlich-rechtlich;Rheinland-Pfalz;408;Nein;Nein
FernUniversitat in Hagen;Universitaten;offentlich-rechtlich;Nordrhein-Westfalen;63326;Ja;Ja
Evangelische Hochschule fur Kirchenmusik;Kunstlerische Hochschulen;kirchlich, staatlich anerkannt;Sachsen-Anhalt;59;Nein;Nein
Burg Giebichenstein Kunsthochschule Halle;Kunstlerische Hochschulen;offentlich-rechtlich;Sachsen-Anhalt;1194;Ja;Nein
Martin-Luther-Universitat Halle-Wittenberg;Universitaten;offentlich-rechtlich;Sachsen-Anhalt;19227;Ja;Ja
Norddeutsche Akademie fur Finanzen und Steuerrecht;Verwaltungshochschule;offentlich-rechtlich;Hamburg;349;Nein;Nein
Akademie der Polizei Hamburg;Verwaltungshochschule;offentlich-rechtlich;Hamburg;582;Nein;Nein
Berufliche Hochschule Hamburg (BHH);Hochschulen eigenen Typs;offentlich-rechtlich;Hamburg;219;Nein;Nein
Bucerius Law School, Hochschule fur Rechtswissenschaft;Universitaten;privat, staatlich anerkannt;Hamburg;849;Ja;Ja
Europaische Fernhochschule Hamburg;Fachhochschulen / HAW;privat, staatlich anerkannt;Hamburg;9646;Nein;Nein
Evangelische Hochschule fur Soziale Arbeit & Diakonie;Fachhochschulen / HAW;kirchlich, staatlich anerkannt;Hamburg;731;Nein;Nein
Hamburger Fern-Hochschule, gemeinnutzige GmbH;Fachhochschulen / HAW;privat, staatlich anerkannt;Hamburg;14144;Nein;Nein
Brand University of Applied Sciences;Fachhochschulen / HAW;privat, staatlich anerkannt;Hamburg;314;Nein;Nein
Hochschule fur Angewandte Wissenschaften Hamburg;Fachhochschulen / HAW;offentlich-rechtlich;Hamburg;16877;Nein;Nein
HafenCity Universitat Hamburg;Universitaten;offentlich-rechtlich;Hamburg;2518;Ja;Ja
Hochschule fur Bildende Kunste Hamburg;Kunstlerische Hochschulen;offentlich-rechtlich;Hamburg;976;Ja;Nein
Hochschule fur Musik und Theater Hamburg;Kunstlerische Hochschulen;offentlich-rechtlich;Hamburg;1380;Ja;Nein
HSBA Hamburg School of Business Administration;Fachhochschulen / HAW;privat, staatlich anerkannt;Hamburg;928;Nein;Nein
Kuhne Logistics University - Wissenschaftliche Hochschule fur Logistik und Unternehmensfuhrung;Universitaten;privat, staatlich anerkannt;Hamburg;309;Ja;Nein
MSH Medical School Hamburg - University of Applied Sciences and Medical University;Hochschulen eigenen Typs;privat, staatlich anerkannt;Hamburg;4845;Nein;Nein
NBS Northern Business School – University of Applied Sciences;Fachhochschulen / HAW;privat, staatlich anerkannt;Hamburg;914;Nein;Nein
Technische Universitat Hamburg;Universitaten;offentlich-rechtlich;Hamburg;7384;Ja;Ja
Universitat Hamburg;Universitaten;offentlich-rechtlich;Hamburg;41802;Ja;Ja
Helmut-Schmidt-Universitat/Universitat der Bundeswehr Hamburg;Universitaten;offentlich-rechtlich;Hamburg;2546;Ja;Ja
Hochschule Hamm-Lippstadt;Fachhochschulen / HAW;offentlich-rechtlich;Nordrhein-Westfalen;5134;Nein;Nein
Fachhochschule fur die Wirtschaft Hannover;Fachhochschulen / HAW;privat, staatlich anerkannt;Niedersachsen;569;Nein;Nein
Hochschule Hannover;Fachhochschulen / HAW;offentlich-rechtlich;Niedersachsen;8891;Nein;Nein
Hochschule fur Musik, Theater und Medien Hannover;Kunstlerische Hochschulen;offentlich-rechtlich;Niedersachsen;1395;Ja;Ja
Leibniz-Fachhochschule;Fachhochschulen / HAW;privat, staatlich anerkannt;Niedersachsen;584;Nein;Nein
Medizinische Hochschule Hannover (MHH);Universitaten;offentlich-rechtlich;Niedersachsen;3923;Ja;Ja
Stiftung Tierarztliche Hochschule Hannover;Universitaten;offentlich-rechtlich;Niedersachsen;2347;Ja;Ja
Gottfried Wilhelm Leibniz Universitat Hannover;Universitaten;offentlich-rechtlich;Niedersachsen;27323;Ja;Ja
Hochschule Harz, Hochschule fur angewandte Wissenschaften (FH);Fachhochschulen / HAW;offentlich-rechtlich;Sachsen-Anhalt;3017;Ja;Nein
SRH Hochschule Heidelberg - Staatlich anerkannte Fachhochschule;Fachhochschulen / HAW;privat, staatlich anerkannt;Baden-Wurttemberg;3112;Nein;Nein
Hochschule fur Judische Studien Heidelberg;Universitaten;privat, staatlich anerkannt;Baden-Wurttemberg;105;Ja;Nein
Hochschule fur Kirchenmusik der Evangelischen Landeskirche in Baden;Kunstlerische Hochschulen;kirchlich, staatlich anerkannt;Baden-Wurttemberg;44;Nein;Nein
Hochschule Fresenius Heidelberg – staatlich anerkannte Hochschule der Hochschule Fresenius fur Internationales Management GmbH;Fachhochschulen / HAW;privat, staatlich anerkannt;Baden-Wurttemberg;672;Nein;Nein
Padagogische Hochschule Heidelberg;Universitaten;offentlich-rechtlich;Baden-Wurttemberg;5271;Ja;Ja
Ruprecht-Karls-Universitat Heidelberg;Universitaten;offentlich-rechtlich;Baden-Wurttemberg;29534;Ja;Ja
Hochschule Heilbronn, Technik, Wirtschaft, Informatik;Fachhochschulen / HAW;offentlich-rechtlich;Baden-Wurttemberg;7159;Nein;Nein
Hochschule fur Kirchenmusik der Evangelischen Kirche von Westfalen;Kunstlerische Hochschulen;kirchlich, staatlich anerkannt;Nordrhein-Westfalen;46;Nein;Nein
Fachhochschule fur Interkulturelle Theologie Hermannsburg;Fachhochschulen / HAW;privat, staatlich anerkannt;Niedersachsen;78;Nein;Nein
Hessische Hochschule fur Finanzen und Rechtspflege Rotenburg a.d. Fulda;Verwaltungshochschule;offentlich-rechtlich;Hessen;2610;Nein;Nein
Hessische Hochschule fur offentliches Management und Sicherheit;Verwaltungshochschule;offentlich-rechtlich;Hessen;4271;Nein;Nein
Universitat Hildesheim;Universitaten;offentlich-rechtlich;Niedersachsen;7995;Ja;Ja
HAWK Hochschule fur angewandte Wissenschaft und Kunst Hildesheim/Holzminden/Gottingen;Fachhochschulen / HAW;offentlich-rechtlich;Niedersachsen;6325;Nein;Nein
Hochschule fur angewandte Wissenschaften Hof;Fachhochschulen / HAW;offentlich-rechtlich;Bayern;3822;Nein;Nein
Universitat Hohenheim;Universitaten;offentlich-rechtlich;Baden-Wurttemberg;8482;Ja;Ja
Hochschule Fresenius;Fachhochschulen / HAW;privat, staatlich anerkannt;Hessen;16028;Nein;Nein
Technische Universitat Ilmenau;Universitaten;offentlich-rechtlich;Thuringen;4452;Ja;Ja
Technische Hochschule Ingolstadt;Fachhochschulen / HAW;offentlich-rechtlich;Bayern;7537;Ja;Nein
Hochschule fur angewandtes Management;Fachhochschulen / HAW;privat, staatlich anerkannt;Bayern;3646;Nein;Nein
Ernst-Abbe-Hochschule Jena - University of Applied Sciences;Fachhochschulen / HAW;offentlich-rechtlich;Thuringen;4330;Nein;Nein
Friedrich-Schiller-Universitat Jena;Universitaten;offentlich-rechtlich;Thuringen;16588;Ja;Ja
Hochschule Kaiserslautern (University of Applied Sciences);Fachhochschulen / HAW;offentlich-rechtlich;Rheinland-Pfalz;5846;Nein;Nein
Rheinland-Pfalzische Technische Universitat Kaiserslautern-Landau;Universitaten;offentlich-rechtlich;Rheinland-Pfalz;18520;Ja;Ja
Staatliche Akademie der Bildenden Kunste Karlsruhe;Kunstlerische Hochschulen;offentlich-rechtlich;Baden-Wurttemberg;362;Ja;Nein
Hochschule Karlsruhe - Technik und Wirtschaft;Fachhochschulen / HAW;offentlich-rechtlich;Baden-Wurttemberg;6814;Nein;Nein
Staatliche Hochschule fur Gestaltung Karlsruhe;Kunstlerische Hochschulen;offentlich-rechtlich;Baden-Wurttemberg;376;Ja;Nein
Hochschule fur Musik Karlsruhe;Kunstlerische Hochschulen;offentlich-rechtlich;Baden-Wurttemberg;577;Ja;Nein
Karlshochschule International University - staatlich anerkannte Hochschule der Karlshochschule gemeinnutzige GmbH Karlsruhe;Fachhochschulen / HAW;privat, staatlich anerkannt;Baden-Wurttemberg;361;Nein;Nein
Padagogische Hochschule Karlsruhe;Universitaten;offentlich-rechtlich;Baden-Wurttemberg;3552;Ja;Ja
Karlsruher Institut fur Technologie;Universitaten;offentlich-rechtlich;Baden-Wurttemberg;22201;Ja;Ja
CVJM-Hochschule;Fachhochschulen / HAW;privat, staatlich anerkannt;Hessen;458;Nein;Nein
Universitat Kassel;Universitaten;offentlich-rechtlich;Hessen;21791;Ja;Ja
Hochschule fur angewandte Wissenschaften Kempten;Fachhochschulen / HAW;offentlich-rechtlich;Bayern;4777;Nein;Nein
Fachhochschule Kiel;Fachhochschulen / HAW;offentlich-rechtlich;Schleswig-Holstein;7670;Nein;Nein
Muthesius Kunsthochschule;Kunstlerische Hochschulen;offentlich-rechtlich;Schleswig-Holstein;541;Ja;Nein
Christian-Albrechts-Universitat zu Kiel;Universitaten;offentlich-rechtlich;Schleswig-Holstein;25940;Ja;Ja
Hochschule Koblenz;Fachhochschulen / HAW;offentlich-rechtlich;Rheinland-Pfalz;8992;Nein;Nein
Hochschule fur Gesellschaftsgestaltung;Hochschulen eigenen Typs;privat, staatlich anerkannt;Rheinland-Pfalz;126;Nein;Nein
Universitat Koblenz;Universitaten;offentlich-rechtlich;Rheinland-Pfalz;9485;Ja;Ja
CBS International Business School - University of Applied Sciences;Fachhochschulen / HAW;privat, staatlich anerkannt;Nordrhein-Westfalen;2475;Nein;Nein
Deutsche Sporthochschule Koln;Universitaten;offentlich-rechtlich;Nordrhein-Westfalen;6098;Ja;Ja
Hochschule fur Musik und Tanz Koln;Kunstlerische Hochschulen;offentlich-rechtlich;Nordrhein-Westfalen;1398;Ja;Nein
INU - Innovative University of Applied Sciences;Fachhochschulen / HAW;privat, staatlich anerkannt;Nordrhein-Westfalen;;Nein;Nein
Kolner Hochschule fur Katholische Theologie (KHKT);Universitaten;kirchlich, staatlich anerkannt;Nordrhein-Westfalen;85;Ja;Nein
Kolping Hochschule;Fachhochschulen / HAW;privat, staatlich anerkannt;Nordrhein-Westfalen;19;Nein;Nein
Kunsthochschule fur Medien Koln;Kunstlerische Hochschulen;offentlich-rechtlich;Nordrhein-Westfalen;413;Ja;Nein
Rheinische Hochschule Koln;Fachhochschulen / HAW;privat, staatlich anerkannt;Nordrhein-Westfalen;5817;Nein;Nein
Technische Hochschule Koln;Fachhochschulen / HAW;offentlich-rechtlich;Nordrhein-Westfalen;24294;Nein;Nein
Universitat zu Koln;Universitaten;offentlich-rechtlich;Nordrhein-Westfalen;48063;Ja;Ja
Allensbach Hochschule Konstanz,  staatlich anerkannte Hochschule der European Education Group GmbH;Fachhochschulen / HAW;privat, staatlich anerkannt;Baden-Wurttemberg;640;Nein;Nein
Hochschule Konstanz Technik, Wirtschaft und Gestaltung;Fachhochschulen / HAW;offentlich-rechtlich;Baden-Wurttemberg;4360;Nein;Nein
Universitat Konstanz;Universitaten;offentlich-rechtlich;Baden-Wurttemberg;10472;Ja;Ja
Hochschule Landshut - Hochschule fur angewandte Wissenschaften;Fachhochschulen / HAW;offentlich-rechtlich;Bayern;4674;Nein;Nein
Hochschule fur Grafik und Buchkunst Leipzig;Kunstlerische Hochschulen;offentlich-rechtlich;Sachsen;589;Ja;Nein
HHL Leipzig Graduate School of Management;Universitaten;privat, staatlich anerkannt;Sachsen;739;Ja;Ja
Hochschule fur Musik und Theater Felix Mendelssohn Bartholdy Leipzig;Kunstlerische Hochschulen;offentlich-rechtlich;Sachsen;1129;Ja;Nein
Hochschule fur Technik, Wirtschaft und Kultur Leipzig;Fachhochschulen / HAW;offentlich-rechtlich;Sachsen;6843;Nein;Nein
Universitat Leipzig;Universitaten;offentlich-rechtlich;Sachsen;29582;Ja;Ja
Musikhochschule Lubeck;Kunstlerische Hochschulen;offentlich-rechtlich;Schleswig-Holstein;416;Ja;Nein
Technische Hochschule Lubeck;Fachhochschulen / HAW;offentlich-rechtlich;Schleswig-Holstein;5138;Nein;Nein
Universitat zu Lubeck;Universitaten;offentlich-rechtlich;Schleswig-Holstein;5958;Ja;Ja
Evangelische Hochschule Ludwigsburg, Hochschule fur Soziale ;;;;;;
Padagogische Hochschule Ludwigsburg;Universitaten;offentlich-rechtlich;Baden-Wurttemberg;5988;Ja;Ja
Hochschule fur Wirtschaft und Gesellschaft Ludwigshafen ;Fachhochschulen / HAW;offentlich-rechtlich;Rheinland-Pfalz;4400;Nein;Nein
Leuphana Universitat Luneburg;Universitaten;offentlich-rechtlich;Niedersachsen;9268;Ja;Ja
Steinbeis Hochschule;Fachhochschulen / HAW;privat, staatlich anerkannt;Sachsen-Anhalt;4626;Nein;Nein
Hochschule Magdeburg-Stendal;Fachhochschulen / HAW;offentlich-rechtlich;Sachsen-Anhalt;5258;Ja;Nein
Otto-von-Guericke-Universitat Magdeburg;Universitaten;offentlich-rechtlich;Sachsen-Anhalt;12490;Ja;Ja
Hochschule Mainz;Fachhochschulen / HAW;offentlich-rechtlich;Rheinland-Pfalz;5621;Nein;Nein
Katholische Hochschule Mainz Catholic University of Applied Sciences;Fachhochschulen / HAW;kirchlich, staatlich anerkannt;Rheinland-Pfalz;1543;Nein;Nein
Johannes Gutenberg-Universitat Mainz;Universitaten;offentlich-rechtlich;Rheinland-Pfalz;29617;Ja;Ja
Hochschule Mannheim;Fachhochschulen / HAW;offentlich-rechtlich;Baden-Wurttemberg;5034;Nein;Nein
Hochschule der Bundesagentur fur Arbeit - Staatlich anerkannte Hochschule fur angewandte Wissenschaft in Mannheim und Schwerin (University of Applied Labour Studies of the Federal Employment Agency);Verwaltungshochschule;offentlich-rechtlich;Baden-Wurttemberg;1514;Nein;Nein
Hochschule der Wirtschaft fur Management;Fachhochschulen / HAW;privat, staatlich anerkannt;Baden-Wurttemberg;290;Nein;Nein
Staatliche Hochschule fur Musik und Darstellende Kunst Mannheim;Kunstlerische Hochschulen;offentlich-rechtlich;Baden-Wurttemberg;575;Ja;Nein
Universitat Mannheim;Universitaten;offentlich-rechtlich;Baden-Wurttemberg;11397;Ja;Ja
Evangelische Hochschule Tabor;Fachhochschulen / HAW;privat, staatlich anerkannt;Hessen;165;Nein;Nein
Archivschule Marburg - Hochschule fur Archivwissenschaft;Verwaltungshochschule;offentlich-rechtlich;Hessen;73;Nein;Nein
Philipps-Universitat Marburg;Universitaten;offentlich-rechtlich;Hessen;21237;Ja;Ja
Fachhochschule fur offentliche Verwaltung, Polizei und Rechtspflege des Landes Mecklenburg-Vorpommern;Verwaltungshochschule;offentlich-rechtlich;Mecklenburg-Vorpommern;669;Nein;Nein
Hochschule Merseburg;Fachhochschulen / HAW;offentlich-rechtlich;Sachsen-Anhalt;2953;Ja;Nein
Technische Hochschule Mittelhessen - THM;Fachhochschulen / HAW;offentlich-rechtlich;Hessen;16795;Nein;Nein
Hochschule Mittweida, University of Applied Sciences;Fachhochschulen / HAW;offentlich-rechtlich;Sachsen;6079;Nein;Nein
Akademie der Bildenden Kunste Munchen;Kunstlerische Hochschulen;offentlich-rechtlich;Bayern;754;Ja;Nein
Hochschule fur angewandte Wissenschaften Munchen;Fachhochschulen / HAW;offentlich-rechtlich;Bayern;18062;Nein;Nein
Hochschule der Bayerischen Wirtschaft fur angewandte Wissenschaften - HDBW;Fachhochschulen / HAW;privat, staatlich anerkannt;Bayern;469;Nein;Nein
Hochschule fur Fernsehen und Film Munchen;Kunstlerische Hochschulen;offentlich-rechtlich;Bayern;398;Ja;Nein
Hochschule fur Musik und Theater Munchen;Kunstlerische Hochschulen;offentlich-rechtlich;Bayern;1182;Ja;Nein
Hochschule fur Philosophie;Universitaten;kirchlich, staatlich anerkannt;Bayern;419;Ja;Ja
Internationale Hochschule SDI Munchen - Hochschule fur angewandte Wissenschaften;Fachhochschulen / HAW;privat, staatlich anerkannt;Bayern;286;Nein;Nein
Katholische    Stiftungshochschule fur   angewandte Wissenschaften Munchen - Hochschule der Kirchlichen Stiftung des offentlichen Rechts Katholische Bildungsstatten fur Sozialberufe in Bayern;Fachhochschulen / HAW;kirchlich, staatlich anerkannt;Bayern;2401;Nein;Nein
Munich Business School - Staatlich anerkannte private Fachhochschule;Fachhochschulen / HAW;privat, staatlich anerkannt;Bayern;613;Nein;Nein
Technische Universitat Munchen;Universitaten;offentlich-rechtlich;Bayern;54575;Ja;Ja
Ludwig-Maximilians-Universitat Munchen;Universitaten;offentlich-rechtlich;Bayern;52086;Ja;Ja
Universitat der Bundeswehr Munchen;Universitaten;offentlich-rechtlich;Bayern;3456;Ja;Ja
FH Munster University of Applied Sciences;Fachhochschulen / HAW;offentlich-rechtlich;Nordrhein-Westfalen;15184;Nein;Nein
Kunstakademie Munster, Hochschule fur Bildende Kunste;Kunstlerische Hochschulen;offentlich-rechtlich;Nordrhein-Westfalen;375;Ja;Ja
Philosophisch-Theologische Hochschule Munster - Kirchlich und staatlich anerkannte Hochschule in Tragerschaft der PTH Philosophisch-Theologische Hochschule Munster gemeinnutzige GmbH;Universitaten;kirchlich, staatlich anerkannt;Nordrhein-Westfalen;7;Nein;Nein
Universitat Munster;Universitaten;offentlich-rechtlich;Nordrhein-Westfalen;42458;Ja;Ja
Hochschule Neubrandenburg - University of Applied Sciences;Fachhochschulen / HAW;offentlich-rechtlich;Mecklenburg-Vorpommern;2082;Nein;Nein
Augustana-Hochschule Neuendettelsau;Universitaten;kirchlich, staatlich anerkannt;Bayern;97;Ja;Ja
Medizinische Hochschule Brandenburg Theodor Fontane;Universitaten;privat, staatlich anerkannt;Brandenburg;819;Nein;Nein
Hochschule fur angewandte Wissenschaften Neu-Ulm;Fachhochschulen / HAW;offentlich-rechtlich;Bayern;4077;Nein;Nein
Hochschule Niederrhein;Fachhochschulen / HAW;offentlich-rechtlich;Nordrhein-Westfalen;13179;Nein;Nein
Norddeutsche Hochschule fur Rechtspflege - Niedersachsen;Verwaltungshochschule;offentlich-rechtlich;Niedersachsen;404;Nein;Nein
Kommunale Hochschule fur Verwaltung in Niedersachsen;Verwaltungshochschule;offentlich-rechtlich;Niedersachsen;1561;Nein;Nein
Polizeiakademie Niedersachsen;Verwaltungshochschule;offentlich-rechtlich;Niedersachsen;;Nein;Nein
Steuerakademie Niedersachsen;Verwaltungshochschule;offentlich-rechtlich;Niedersachsen;;Nein;Nein
Hochschule Nordhausen;Fachhochschulen / HAW;offentlich-rechtlich;Thuringen;2035;Nein;Nein
DIPLOMA Hochschule - Private Fachhochschule Nordhessen;Fachhochschulen / HAW;privat, staatlich anerkannt;Hessen;7775;Nein;Nein
Deutsche Hochschule der Polizei;Verwaltungshochschule;offentlich-rechtlich;Nordrhein-Westfalen;434;Ja;Nein
Fachhochschule fur Rechtspflege Nordrhein-Westfalen;Verwaltungshochschule;offentlich-rechtlich;Nordrhein-Westfalen;887;Nein;Nein
Hochschule fur Finanzen NRW;Verwaltungshochschule;offentlich-rechtlich;Nordrhein-Westfalen;2795;Nein;Nein
Hochschule fur Polizei und offentliche Verwaltung Nordrhein-Westfalen;Verwaltungshochschule;offentlich-rechtlich;Nordrhein-Westfalen;13078;Nein;Nein
Katholische Hochschule Nordrhein-Westfalen - Catholic University of Applied Sciences;Fachhochschulen / HAW;kirchlich, staatlich anerkannt;Nordrhein-Westfalen;5440;Nein;Nein
SRH Hochschule in Nordrhein-Westfalen;Fachhochschulen / HAW;privat, staatlich anerkannt;Nordrhein-Westfalen;740;Nein;Nein
Akademie der Bildenden Kunste Nurnberg;Kunstlerische Hochschulen;offentlich-rechtlich;Bayern;310;Nein;Nein
Evangelische Hochschule fur angewandte Wissenschaften - Evangelische Fachhochschule Nurnberg;Fachhochschulen / HAW;kirchlich, staatlich anerkannt;Bayern;1211;Nein;Nein
Hochschule fur Musik Nurnberg;Kunstlerische Hochschulen;offentlich-rechtlich;Bayern;333;Ja;Nein
Technische Hochschule Nurnberg Georg Simon Ohm;Fachhochschulen / HAW;offentlich-rechtlich;Bayern;12355;Nein;Nein
Technische Universitat Nurnberg;Universitaten;offentlich-rechtlich;Bayern;18;Ja;Nein
Hochschule fur Wirtschaft und Umwelt Nurtingen-Geislingen;Fachhochschulen / HAW;offentlich-rechtlich;Baden-Wurttemberg;5066;Nein;Nein
Lutherische Theologische Hochschule Oberursel;Universitaten;kirchlich, staatlich anerkannt;Hessen;17;Nein;Nein
Hochschule fur Gestaltung Offenbach;Kunstlerische Hochschulen;offentlich-rechtlich;Hessen;795;Ja;Nein
Hochschule fur Technik, Wirtschaft und Medien Offenburg;Fachhochschulen / HAW;offentlich-rechtlich;Baden-Wurttemberg;3761;Nein;Nein
Carl von Ossietzky Universitat Oldenburg;Universitaten;offentlich-rechtlich;Niedersachsen;15335;Ja;Ja
Hochschule Osnabruck;Fachhochschulen / HAW;offentlich-rechtlich;Niedersachsen;13317;Nein;Nein
Universitat Osnabruck;Universitaten;offentlich-rechtlich;Niedersachsen;13487;Ja;Ja
Hochschule Braunschweig/Wolfenbuttel, Ostfalia Hochschule fur angewandte Wissenschaften;Fachhochschulen / HAW;offentlich-rechtlich;Niedersachsen;10775;Nein;Nein
Technische Hochschule Ostwestfalen-Lippe;Fachhochschulen / HAW;offentlich-rechtlich;Nordrhein-Westfalen;5960;Nein;Nein
Hochschule fur Kunste im Sozialen, Ottersberg;Fachhochschulen / HAW;privat, staatlich anerkannt;Niedersachsen;325;Nein;Nein
Fachhochschule der Wirtschaft;Fachhochschulen / HAW;privat, staatlich anerkannt;Nordrhein-Westfalen;2021;Nein;Nein
Theologische Fakultat Paderborn;Universitaten;kirchlich, staatlich anerkannt;Nordrhein-Westfalen;60;Ja;Ja
Universitat Paderborn;Universitaten;offentlich-rechtlich;Nordrhein-Westfalen;17228;Ja;Ja
Universitat Passau;Universitaten;offentlich-rechtlich;Bayern;10881;Ja;Ja
Hochschule Pforzheim - Gestaltung, Technik, Wirtschaft und Recht;Fachhochschulen / HAW;offentlich-rechtlich;Baden-Wurttemberg;5659;Nein;Nein
Filmuniversitat Babelsberg Konrad Wolf;Kunstlerische Hochschulen;offentlich-rechtlich;Brandenburg;947;Ja;Nein
Hochschule Clara Hoffbauer (HCHP) - University of Applied Sciences;Fachhochschulen / HAW;privat, staatlich anerkannt;Brandenburg;119;Nein;Nein
Fachhochschule Potsdam;Fachhochschulen / HAW;offentlich-rechtlich;Brandenburg;3730;Nein;Nein
Fachhochschule fur Sport und Management Potsdam;Fachhochschulen / HAW;privat, staatlich anerkannt;Brandenburg;553;Nein;Nein
Gisma University of Applied Sciences;Fachhochschulen / HAW;privat, staatlich anerkannt;Brandenburg;834;Nein;Nein
GU Deutsche Hochschule fur Angewandte Wissenschaften - German University of Applied Sciences;Fachhochschulen / HAW;privat, staatlich anerkannt;Brandenburg;50;Nein;Nein
HSD Hochschule Dopfer;Fachhochschulen / HAW;privat, staatlich anerkannt;Brandenburg;1405;Nein;Nein
Universitat Potsdam;Universitaten;offentlich-rechtlich;Brandenburg;20401;Ja;Ja
University of Europe for Applied Sciences;Fachhochschulen / HAW;privat, staatlich anerkannt;Brandenburg;4787;Nein;Nein
XU Exponential University of Applied Sciences;Fachhochschulen / HAW;privat, staatlich anerkannt;Brandenburg;176;Nein;Nein
Hochschule Ravensburg-Weingarten;Fachhochschulen / HAW;offentlich-rechtlich;Baden-Wurttemberg;3448;Nein;Nein
Hochschule fur Katholische Kirchenmusik und Musikpadagogik;Kunstlerische Hochschulen;kirchlich, staatlich anerkannt;Bayern;121;Nein;Nein
Ostbayerische Technische Hochschule Regensburg;Fachhochschulen / HAW;offentlich-rechtlich;Bayern;10704;Nein;Nein
Universitat Regensburg;Universitaten;offentlich-rechtlich;Bayern;20353;Ja;Ja
Hochschule Reutlingen, Hochschule fur Technik-  Wirtschaft-Informatik-Design;Fachhochschulen / HAW;offentlich-rechtlich;Baden-Wurttemberg;4933;Nein;Nein
Theologische Hochschule Reutlingen - staatlich anerkannte Fachhochschule der Evangelisch-methodistischen Kirche;Fachhochschulen / HAW;kirchlich, staatlich anerkannt;Baden-Wurttemberg;105;Nein;Nein
Hochschule fur Finanzen Rheinland-Pfalz;Verwaltungshochschule;offentlich-rechtlich;Rheinland-Pfalz;666;Nein;Nein
Hochschule der Polizei Rheinland-Pfalz;Verwaltungshochschule;offentlich-rechtlich;Rheinland-Pfalz;1511;Nein;Nein
Hochschule fur offentliche Verwaltung Rheinland-Pfalz;Verwaltungshochschule;offentlich-rechtlich;Rheinland-Pfalz;912;Nein;Nein
Hochschule RheinMain;Fachhochschulen / HAW;offentlich-rechtlich;Hessen;12945;Ja;Nein
Hochschule Rhein-Waal - University of Applied Sciences;Fachhochschulen / HAW;offentlich-rechtlich;Nordrhein-Westfalen;6465;Nein;Nein
SRH Fernhochschule - The Mobile University;Fachhochschulen / HAW;privat, staatlich anerkannt;Baden-Wurttemberg;8746;Nein;Nein
Technische Hochschule Rosenheim;Fachhochschulen / HAW;offentlich-rechtlich;Bayern;6648;Nein;Nein
Hochschule fur Musik und Theater Rostock;Kunstlerische Hochschulen;offentlich-rechtlich;Mecklenburg-Vorpommern;567;Ja;Ja
Universitat Rostock;Universitaten;offentlich-rechtlich;Mecklenburg-Vorpommern;12678;Ja;Ja
Hochschule fur Forstwirtschaft Rottenburg;Fachhochschulen / HAW;offentlich-rechtlich;Baden-Wurttemberg;941;Nein;Nein
Hochschule fur Kirchenmusik der Diozese Rottenburg-Stuttgart;Kunstlerische Hochschulen;kirchlich, staatlich anerkannt;Baden-Wurttemberg;19;Nein;Nein
Hochschule Ruhr West- University of Applied Sciences;Fachhochschulen / HAW;offentlich-rechtlich;Nordrhein-Westfalen;5999;Nein;Nein
Deutsche Hochschule fur Pravention und Gesundheitsmanagement GmbH;Fachhochschulen / HAW;privat, staatlich anerkannt;Saarland;7133;Nein;Nein
Hochschule fur Musik Saar;Kunstlerische Hochschulen;offentlich-rechtlich;Saarland;501;Ja;Nein
Hochschule fur Technik und Wirtschaft des Saarlandes;Fachhochschulen / HAW;offentlich-rechtlich;Saarland;5942;Nein;Nein
Universitat des Saarlandes;Universitaten;offentlich-rechtlich;Saarland;15949;Ja;Ja
Hochschule der Bildenden Kunste Saar;Kunstlerische Hochschulen;offentlich-rechtlich;Saarland;434;Ja;Nein
Fachhochschule der Verwaltung des Saarlandes;Verwaltungshochschule;offentlich-rechtlich;Saarland;802;Nein;Nein
Fachhochschule Polizei Sachsen-Anhalt;Verwaltungshochschule;offentlich-rechtlich;Sachsen-Anhalt;705;Nein;Nein
Hochschule der Sachsischen Polizei (FH);Verwaltungshochschule;offentlich-rechtlich;Sachsen;640;Nein;Nein
Hochschule fur offentliche Verwaltung und Rechtspflege (FH), Fortbildungszentrum des Freistaates Sachsen (HSF);Verwaltungshochschule;offentlich-rechtlich;Sachsen;1035;Nein;Nein
Duale Hochschule Schleswig-Holstein - staatlich anerkannte Hochschule fur angewandte Wissenschaften in Tragerschaft der Wirtschaftsakademie Schleswig-Holstein;Fachhochschulen / HAW;privat, staatlich anerkannt;Schleswig-Holstein;512;Nein;Nein
Fachhochschule fur Verwaltung und Dienstleistung in Schleswig-Holstein;Verwaltungshochschule;offentlich-rechtlich;Schleswig-Holstein;1716;Nein;Nein
Hochschule Schmalkalden;Fachhochschulen / HAW;offentlich-rechtlich;Thuringen;2564;Nein;Nein
Hochschule fur Gestaltung Schwabisch Gmund;Fachhochschulen / HAW;offentlich-rechtlich;Baden-Wurttemberg;678;Nein;Nein
Padagogische Hochschule Schwabisch Gmund;Universitaten;offentlich-rechtlich;Baden-Wurttemberg;2780;Ja;Ja
Universitat Siegen;Universitaten;offentlich-rechtlich;Nordrhein-Westfalen;15186;Ja;Ja
Deutsche Universitat fur Verwaltungswissenschaften Speyer;Universitaten;offentlich-rechtlich;Rheinland-Pfalz;278;Ja;Ja
Hochschule Stralsund;Fachhochschulen / HAW;offentlich-rechtlich;Mecklenburg-Vorpommern;2268;Nein;Nein
AKAD Hochschule Stuttgart - staatlich anerkannt;Fachhochschulen / HAW;privat, staatlich anerkannt;Baden-Wurttemberg;6370;Nein;Nein
Staatliche Akademie der Bildenden Kunste Stuttgart;Kunstlerische Hochschulen;offentlich-rechtlich;Baden-Wurttemberg;801;Ja;Ja
Duale Hochschule Baden-Wurttemberg;Hochschulen eigenen Typs;offentlich-rechtlich;Baden-Wurttemberg;32647;Nein;Nein
Hochschule fur Technik Stuttgart;Fachhochschulen / HAW;offentlich-rechtlich;Baden-Wurttemberg;3945;Nein;Nein
Hochschule der Medien Stuttgart;Fachhochschulen / HAW;offentlich-rechtlich;Baden-Wurttemberg;5513;Nein;Nein
Hochschule fur Kommunikation und Gestaltung;Fachhochschulen / HAW;privat, staatlich anerkannt;Baden-Wurttemberg;59;Nein;Nein
Staatliche Hochschule fur Musik und Darstellende Kunst Stuttgart;Kunstlerische Hochschulen;offentlich-rechtlich;Baden-Wurttemberg;757;Ja;Nein
Hochschule Macromedia - staatlich anerkannte Hochschule fur angewandte Wissenschaften der Macromedia GmbH mit Sitz in Stuttgart;Fachhochschulen / HAW;privat, staatlich anerkannt;Baden-Wurttemberg;5190;Nein;Nein
media Akademie - Hochschule Stuttgart;Fachhochschulen / HAW;privat, staatlich anerkannt;Baden-Wurttemberg;13;Nein;Nein
Merz Akademie Hochschule fur Gestaltung, Kunst und Medien, Stuttgart - Staatlich anerkannt;Fachhochschulen / HAW;privat, staatlich anerkannt;Baden-Wurttemberg;208;Nein;Nein
Universitat Stuttgart;Universitaten;offentlich-rechtlich;Baden-Wurttemberg;21141;Ja;Ja
Freie Hochschule Stuttgart - Seminar fur Waldorfpadagogik. Staatlich anerkannte wissenschaftliche Hochschule.;Universitaten;privat, staatlich anerkannt;Baden-Wurttemberg;304;Nein;Nein
VWA-Hochschule fur berufsbegleitendes Studium;Fachhochschulen / HAW;privat, staatlich anerkannt;Baden-Wurttemberg;33;Nein;Nein
Fachhochschule Sudwestfalen;Fachhochschulen / HAW;offentlich-rechtlich;Nordrhein-Westfalen;10995;Nein;Nein
Thuringer Fachhochschule fur offentliche Verwaltung;Verwaltungshochschule;offentlich-rechtlich;Thuringen;641;Nein;Nein
Hochschule Trier - Trier University of Applied Sciences;Fachhochschulen / HAW;offentlich-rechtlich;Rheinland-Pfalz;6688;Nein;Nein
Theologische Fakultat Trier;Universitaten;kirchlich, staatlich anerkannt;Rheinland-Pfalz;150;Ja;Ja
Universitat Trier;Universitaten;offentlich-rechtlich;Rheinland-Pfalz;10518;Ja;Ja
Staatliche Hochschule fur Musik Trossingen;Kunstlerische Hochschulen;offentlich-rechtlich;Baden-Wurttemberg;419;Ja;Nein
Hochschule fur Kirchenmusik der Evangelischen Landeskirche in Wurttemberg;Kunstlerische Hochschulen;kirchlich, staatlich anerkannt;Baden-Wurttemberg;19;Nein;Nein
Eberhard Karls Universitat Tubingen;Universitaten;offentlich-rechtlich;Baden-Wurttemberg;28239;Ja;Ja
Technische Hochschule Ulm;Fachhochschulen / HAW;offentlich-rechtlich;Baden-Wurttemberg;2966;Nein;Nein
Universitat Ulm;Universitaten;offentlich-rechtlich;Baden-Wurttemberg;9978;Ja;Ja
Vinzenz Pallotti University - kirchlich und staatlich anerkannte wissenschaftliche Hochschule in freier Tragerschaft;Universitaten;kirchlich, staatlich anerkannt;Rheinland-Pfalz;254;Ja;Ja
WHU - Otto Beisheim School of Management;Universitaten;privat, staatlich anerkannt;Rheinland-Pfalz;1961;Ja;Ja
Private Hochschule fur Wirtschaft und Technik Vechta/Diepholz;Fachhochschulen / HAW;privat, staatlich anerkannt;Niedersachsen;517;Nein;Nein
Universitat Vechta;Universitaten;offentlich-rechtlich;Niedersachsen;3714;Ja;Ja
Fachhochschule Wedel;Fachhochschulen / HAW;privat, staatlich anerkannt;Schleswig-Holstein;1128;Nein;Nein
Hochschule fur angewandte Wissenschaften Weihenstephan-Triesdorf;Fachhochschulen / HAW;offentlich-rechtlich;Bayern;5692;Nein;Nein
Hochschule fur Musik Franz Liszt Weimar;Kunstlerische Hochschulen;offentlich-rechtlich;Thuringen;752;Ja;Nein
Bauhaus-Universitat Weimar;Universitaten;offentlich-rechtlich;Thuringen;3955;Ja;Ja
Padagogische Hochschule Weingarten;Universitaten;offentlich-rechtlich;Baden-Wurttemberg;3307;Ja;Ja
Hochschule Weserbergland;Fachhochschulen / HAW;privat, staatlich anerkannt;Niedersachsen;443;Nein;Nein
Westfalische Hochschule Gelsenkirchen, Bocholt, Recklinghausen;Fachhochschulen / HAW;offentlich-rechtlich;Nordrhein-Westfalen;7620;Nein;Nein
Fachhochschule Westkuste, Hochschule fur Wirtschaft und Technik;Fachhochschulen / HAW;offentlich-rechtlich;Schleswig-Holstein;1572;Nein;Nein
Charlotte Fresenius Hochschule;Universitaten;privat, staatlich anerkannt;Hessen;575;Nein;Nein
EBS Universitat fur Wirtschaft und Recht;Universitaten;privat, staatlich anerkannt;Hessen;1719;Ja;Ja
Technische Hochschule Wildau;Fachhochschulen / HAW;offentlich-rechtlich;Brandenburg;3357;Nein;Nein
Jade Hochschule -  Wilhelmshaven/Oldenburg/Elsfleth;Fachhochschulen / HAW;offentlich-rechtlich;Niedersachsen;6399;Nein;Nein
Hochschule Wismar - University of Applied Sciences: Technology, Business and Design;Fachhochschulen / HAW;offentlich-rechtlich;Mecklenburg-Vorpommern;8048;Nein;Nein
Private Universitat Witten/Herdecke gGmbH;Universitaten;privat, staatlich anerkannt;Nordrhein-Westfalen;3011;Ja;Ja
Hochschule Worms, University of Applied Sciences;Fachhochschulen / HAW;offentlich-rechtlich;Rheinland-Pfalz;3391;Nein;Nein
Kirchliche Hochschule Wuppertal;Universitaten;kirchlich, staatlich anerkannt;Nordrhein-Westfalen;177;Ja;Ja
Bergische Universitat Wuppertal;Universitaten;offentlich-rechtlich;Nordrhein-Westfalen;21289;Ja;Ja
Hochschule fur Musik Wurzburg;Kunstlerische Hochschulen;offentlich-rechtlich;Bayern;530;Ja;Nein
Technische Hochschule Wurzburg-Schweinfurt;Fachhochschulen / HAW;offentlich-rechtlich;Bayern;9250;Nein;Nein
Julius-Maximilians-Universitat Wurzburg;Universitaten;offentlich-rechtlich;Bayern;26126;Ja;Ja
Hochschule Zittau/Gorlitz;Fachhochschulen / HAW;offentlich-rechtlich;Sachsen;2532;Nein;Nein
Westsachsische Hochschule Zwickau;Fachhochschulen / HAW;offentlich-rechtlich;Sachsen;2931;Nein;Nein
